time_h,glucose_g/l_1,glucose_g/l_2,glucose_g/l_3,yarrowia_OD_1,yarrowia_OD_2,yarrowia_OD_3
0,1.680009295,1.712100335,1.908115875,0.0788,0.0788,0.0788
5,1.752864629,1.983573185,1.939339589,0.1621,0.1652,0.1589
8,1.220326835,1.311396001,1.222061485,0.4818,0.4578,0.5407
11,1.091962676,1.18736847,0.882937255,1.277,1.302,1.285
15,0.058110802,0.051172198,0.047702897,3.372,3.681,3.801