,glucose,glycerol,oleic_acid
growth_rate,0.26629762689375575,0.35804107739258173,0.2638408834970069
growth_rate_std,0.0030478683228920217,0.00086146858877256,0.0054183299333464986
yield_coefficient,0.11043302549731783,0.05860978091266819,
yield_coefficient_std,0.003912857196056479,0.009652990154150623,
substrate_uptake_rate,2.4143620589406654,6.26659043317085,
substrate_uptake_rate_std,0.08870416542504479,0.959634261366912,
